,point1_x,1_y,point2_x,2_y,point3_x,3_y,point4_x,4_y
head,845.840909090909,8.806818181818926,1797.2045454545455,65.68181818181893,938.909090909091,691.3068181818189,1750.6704545454545,763.6931818181824
upper_left_arm,147.8295454545455,572.3863636363644,3.0568181818180165,799.8863636363644,701.068181818182,1678.863636363637,597.659090909091,1073.9204545454554
lower_left_arm,602.8295454545455,1094.6022727272734,933.7386363636365,686.1363636363644,933.7386363636365,1523.750000000001,706.2386363636365,1725.397727272728
upper_right_arm,1916.125,1203.181818181819,2474.534090909091,779.204545454546,2521.068181818182,1094.6022727272734,1973.0,1539.2613636363644
lower_right_arm,1719.6477272727275,722.329545454546,1900.6136363636365,1192.84090909091,1983.3409090909095,1554.772727272728,1807.5454545454545,1596.1363636363644
left_leg,716.5795454545455,2981.818181818183,1011.2954545454545,2873.238636363637,1104.3636363636365,3669.488636363637,809.6477272727275,3798.750000000001
right_leg,1895.443181818182,2619.8863636363644,2122.943181818182,2511.306818181819,2412.488636363637,3447.159090909092,1941.977272727273,3467.84090909091
body,918.227272727273,722.329545454546,1755.840909090909,748.1818181818189,1952.318181818182,3493.693181818183,1119.875,3679.8295454545464
